iter,tiempo_ms,gflops
0,268.228000,1024.791994
1,239.764300,1146.450522
2,239.743000,1146.552379
3,240.243200,1144.165192
4,239.836800,1146.103963
5,240.275800,1144.009954
6,239.909400,1145.757136
7,240.275900,1144.009478
8,239.889800,1145.850749
9,239.927200,1145.672133
10,240.231500,1144.220916
11,239.928100,1145.667835
12,240.275900,1144.009478
13,239.824800,1146.161310
14,240.233300,1144.212343
15,239.914700,1145.731824
16,240.278600,1143.996623
17,239.813300,1146.216273
18,240.296900,1143.909501
19,239.918000,1145.716065
20,240.308600,1143.853807
21,239.900500,1145.799642
22,239.798900,1146.285104
23,240.276500,1144.006621
24,239.843700,1146.070991
25,240.303300,1143.879035
26,239.838200,1146.097273
27,240.317800,1143.810017
28,239.807700,1146.243040
29,239.986400,1145.389518
30,239.844400,1146.067646
31,239.940300,1145.609583
32,240.139700,1144.658326
33,239.773200,1146.407968
34,240.343800,1143.686282
35,239.846400,1146.058089
36,240.139600,1144.658802
37,241.356600,1138.887053
38,239.896300,1145.819702
39,239.777100,1146.389321
40,239.922900,1145.692666
41,240.237500,1144.192339
42,239.820500,1146.181861
43,240.200600,1144.368111
44,239.786700,1146.343425
45,240.174800,1144.491041
46,239.774100,1146.403665
47,239.870700,1145.941989
48,239.767300,1146.436178
49,239.799300,1146.283192
50,239.813600,1146.214839
51,239.819800,1146.185206
52,240.303300,1143.879035
53,239.893900,1145.831165
54,240.259300,1144.088520
55,239.861300,1145.986897
56,240.122100,1144.742225
57,239.853500,1146.024165
58,240.067900,1145.000672
59,239.896800,1145.817314
60,239.908400,1145.761911
61,240.197700,1144.381928
62,239.859100,1145.997408
63,240.190100,1144.418138
64,239.848800,1146.046622
65,240.216100,1144.294271
66,239.723100,1146.647557
67,240.189600,1144.420520
68,239.734400,1146.593509
69,239.901300,1145.795821
70,239.735300,1146.589205
71,239.646800,1147.012633
72,240.253600,1144.115663
73,239.894500,1145.828299
74,240.334900,1143.728634
75,239.884000,1145.878454
76,240.286400,1143.959487
77,239.741100,1146.561465
78,239.951100,1145.558020
79,240.263100,1144.070425
80,239.779400,1146.378325
81,240.277700,1144.000908
82,239.871200,1145.939600
83,240.309000,1143.851903
84,239.884600,1145.875587
85,239.819300,1146.187596
86,240.176300,1144.483893
87,239.769200,1146.427093
88,240.117400,1144.764632
89,239.732000,1146.604988
90,240.432800,1143.262928
91,239.705000,1146.734140
92,240.143200,1144.641643
93,239.828300,1146.144583
94,240.393700,1143.448880
95,240.277900,1143.999956
96,239.868300,1145.953454
97,240.301600,1143.887127
98,239.889700,1145.851226
99,240.245300,1144.155190
100,239.844900,1146.065257
101,240.197400,1144.383357
102,239.805700,1146.252599
103,239.880000,1145.897561
104,240.264600,1144.063282
105,239.827200,1146.149840
106,240.283100,1143.975198
107,239.903400,1145.785791
108,240.210500,1144.320947
109,239.835400,1146.110653
110,240.116800,1144.767492
111,239.872400,1145.933867
112,239.753900,1146.500253
113,240.161600,1144.553946
114,239.728200,1146.623163
115,240.257400,1144.097568
116,239.886000,1145.868900
117,240.195300,1144.393362
118,239.848000,1146.050444
119,239.836400,1146.105874
120,239.883000,1145.883230
121,239.805300,1146.254511
122,239.783200,1146.360158
123,239.780600,1146.372588
124,240.225200,1144.250923
125,239.846600,1146.057134
126,240.119900,1144.752713
127,239.884200,1145.877498
128,240.344800,1143.681523
129,239.854600,1146.018909
130,239.767800,1146.433787
131,239.889300,1145.853137
132,239.734800,1146.591596
133,239.783000,1146.361114
134,239.815700,1146.204802
135,240.287300,1143.955203
136,239.746600,1146.535162
137,240.175000,1144.490088
138,239.998800,1145.330339
139,240.161000,1144.556805
140,239.681300,1146.847530
141,239.746300,1146.536597
142,239.803800,1146.261681
143,239.840900,1146.084371
144,240.245200,1144.155667
145,239.940300,1145.609583
146,240.299700,1143.896172
147,239.765200,1146.446219
148,240.244900,1144.157095
149,239.810700,1146.228700
150,240.341200,1143.698654
151,239.850600,1146.038021
152,239.744600,1146.544727
153,239.818600,1146.190942
154,239.798300,1146.287972
155,240.284100,1143.970437
156,239.810400,1146.230134
157,240.252300,1144.121854
158,239.706200,1146.728399
159,240.202500,1144.359059
160,239.749000,1146.523685
161,240.254700,1144.110425
162,239.842800,1146.075292
163,239.903200,1145.786746
164,240.219700,1144.277122
165,239.759200,1146.474909
166,240.233700,1144.210437
167,239.813300,1146.216273
168,240.386000,1143.485506
169,239.737700,1146.577726
170,239.673300,1146.885811
171,240.303800,1143.876655
172,239.805300,1146.254511
173,240.166800,1144.529164
174,239.791800,1146.319044
175,240.301400,1143.888079
176,239.780100,1146.374978
177,240.101700,1144.839487
178,239.763300,1146.455304
179,239.733100,1146.599727
180,239.816200,1146.202412
181,239.846200,1146.059045
182,240.194000,1144.399556
183,239.806200,1146.250209
184,240.236200,1144.198530
185,239.826200,1146.154619
186,240.180500,1144.463880
187,239.888000,1145.859347
188,239.720900,1146.658080
189,239.733900,1146.595900
190,239.826200,1146.154619
191,240.174000,1144.494853
192,239.781200,1146.369719
193,239.789500,1146.330039
194,239.727000,1146.628903
195,239.861300,1145.986897
196,240.290000,1143.942349
197,239.780100,1146.374978
198,240.261000,1144.080425
199,239.716600,1146.678649
200,240.183400,1144.450062
201,239.623300,1147.125121
202,240.286200,1143.960439
203,239.831700,1146.128335
204,239.764000,1146.451957
205,239.894800,1145.826866
206,239.728900,1146.619815
207,240.196700,1144.386692
208,239.802200,1146.269329
209,240.182700,1144.453397
210,239.774600,1146.401274
211,240.272200,1144.027095
212,239.884300,1145.877020
213,240.232700,1144.215200
214,239.891800,1145.841196
215,239.596800,1147.251996
216,239.792300,1146.316654
217,239.657400,1146.961900
218,240.175700,1144.486753
219,239.786900,1146.342469
220,240.245800,1144.152809
221,239.791500,1146.320478
222,240.196500,1144.387645
223,239.821900,1146.175170
224,240.202300,1144.360012
225,239.842100,1146.078637
226,240.002100,1145.314591
227,239.815600,1146.205280
228,239.720600,1146.659515
229,240.323700,1143.781936
230,239.870800,1145.941511
231,240.283600,1143.972818
232,239.742700,1146.553813
233,240.124600,1144.730306
234,239.752800,1146.505513
235,239.869400,1145.948199
236,240.154300,1144.588737
237,239.768800,1146.429006
238,240.220100,1144.275217
239,239.674000,1146.882461
240,240.084900,1144.919597
241,239.868000,1145.954887
242,239.839000,1146.093450
243,240.199900,1144.371446
244,239.805900,1146.251643
245,240.244200,1144.160429
246,239.781900,1146.366373
247,239.689000,1146.810688
248,240.321500,1143.792407
249,239.765500,1146.444784
250,240.307200,1143.860471
251,239.888100,1145.858869
252,240.229300,1144.231395
253,239.791700,1146.319522
254,239.796300,1146.297532
255,240.247200,1144.146142
256,239.726500,1146.631294
257,240.249600,1144.134712
258,239.795100,1146.303269
259,240.151000,1144.604465
260,239.666200,1146.919787
261,240.135900,1144.676439
262,239.795700,1146.300400
263,239.774800,1146.400318
264,240.243000,1144.166144
265,239.919100,1145.710812
266,240.279100,1143.994242
267,241.212600,1139.566950
268,240.277600,1144.001384
269,239.657500,1146.961422
270,239.771100,1146.418008
271,239.779300,1146.378803
272,239.759300,1146.474431
273,240.333800,1143.733869
274,239.897200,1145.815403
275,240.203100,1144.356201
276,239.862700,1145.980208
277,239.929800,1145.659718
278,239.798700,1146.286060
279,239.658100,1146.958550
280,240.281900,1143.980911
281,239.781700,1146.367329
282,240.146000,1144.628297
283,239.770800,1146.419443
284,240.244700,1144.158048
285,239.722000,1146.652818
286,239.758200,1146.479691
287,239.883500,1145.880842
288,240.287500,1143.954250
289,239.775800,1146.395537
290,239.653900,1146.978651
291,239.774900,1146.399840
292,239.754600,1146.496905
293,240.152300,1144.598269
294,239.867400,1145.957754
295,240.291900,1143.933303
296,239.800700,1146.276499
297,239.806600,1146.248297
298,240.339800,1143.705316
299,239.767900,1146.433309
300,240.245700,1144.153285
301,239.760300,1146.469649
302,240.300000,1143.894744
303,239.759000,1146.475865
304,239.873100,1145.930523
305,240.199500,1144.373352
306,239.603200,1147.221352
307,240.131500,1144.697413
308,239.945200,1145.586188
309,239.873200,1145.930045
310,239.718900,1146.667647
311,239.758000,1146.480647
312,240.266900,1144.052331
313,239.821800,1146.175648
314,240.232100,1144.218058
315,239.795200,1146.302791
316,240.188800,1144.424332
317,239.773500,1146.406533
318,240.236600,1144.196625
319,239.811300,1146.225832
320,239.895500,1145.823523
321,239.732300,1146.603553
322,239.750200,1146.517946
323,240.262400,1144.073758
324,239.751600,1146.511251
325,240.203700,1144.353342
326,239.776300,1146.393146
327,240.371300,1143.555437
328,239.785300,1146.350118
329,240.282800,1143.976626
330,239.734600,1146.592553
331,239.692400,1146.794420
332,239.800000,1146.279845
333,239.830700,1146.133114
334,239.737400,1146.579161
335,239.833900,1146.117821
336,240.254200,1144.112806
337,239.699900,1146.758538
338,240.191500,1144.411467
339,239.755100,1146.494514
340,239.890800,1145.845972
341,239.759800,1146.472040
342,239.808200,1146.240650
343,240.166200,1144.532024
344,239.798800,1146.285582
345,239.746900,1146.533728
346,239.836900,1146.103485
347,240.178300,1144.474363
348,239.726300,1146.632251
349,240.352900,1143.642981
350,239.809600,1146.233958
351,239.768600,1146.429962
352,240.141600,1144.649269
353,239.807500,1146.243995
354,240.024500,1145.207706
355,239.821800,1146.175648
356,240.238000,1144.189957
357,239.756600,1146.487342
358,240.202800,1144.357630
359,239.793600,1146.310439
360,239.783100,1146.360636
361,239.840000,1146.088671
362,239.815800,1146.204324
363,240.218900,1144.280933
364,239.815900,1146.203846
365,240.126300,1144.722202
366,239.727000,1146.628903
367,240.160800,1144.557759
368,239.696800,1146.773369
369,239.879700,1145.898994
370,240.151800,1144.600652
371,239.733300,1146.598770
372,240.225400,1144.249971
373,239.765800,1146.443350
374,240.174000,1144.494853
375,239.904600,1145.780060
376,239.753100,1146.504078
377,239.815700,1146.204802
378,239.747800,1146.529424
379,240.126200,1144.722679
380,239.872600,1145.932912
381,240.289900,1143.942825
382,239.775600,1146.396493
383,240.222900,1144.261879
384,239.819700,1146.185684
385,240.218000,1144.285220
386,239.834000,1146.117343
387,239.802000,1146.270285
388,240.127400,1144.716958
389,239.809300,1146.235392
390,240.187600,1144.430049
391,239.795800,1146.299922
392,240.158200,1144.570150
393,239.751600,1146.511251
394,239.896000,1145.821135
395,239.833100,1146.121644
396,239.884900,1145.874154
397,240.152700,1144.596363
398,239.774100,1146.403665
399,240.286900,1143.957107
400,239.835800,1146.108742
401,240.180200,1144.465310
402,239.887500,1145.861735
403,240.264800,1144.062330
404,239.746500,1146.535641
405,239.736900,1146.581552
406,240.240700,1144.177098
407,239.720200,1146.661428
408,240.286400,1143.959487
409,239.754000,1146.499775
410,240.107300,1144.812786
411,239.778900,1146.380716
412,239.942000,1145.601466
413,240.235500,1144.201864
414,239.723900,1146.643730
415,240.042900,1145.119922
416,239.719900,1146.662863
417,240.281600,1143.982340
418,239.725400,1146.636556
419,239.665400,1146.923615
420,240.221200,1144.269977
421,239.899200,1145.805851
422,240.114300,1144.779411
423,239.746400,1146.536119
424,240.222700,1144.262832
425,239.903000,1145.787701
426,239.683500,1146.837004
427,239.806600,1146.248297
428,239.691500,1146.798726
429,240.164500,1144.540125
430,239.715500,1146.683910
431,240.322600,1143.787172
432,239.874500,1145.923835
433,240.093100,1144.880494
434,239.806200,1146.250209
435,240.047300,1145.098932
436,239.779300,1146.378803
437,239.709200,1146.714047
438,240.186600,1144.434814
439,239.740100,1146.566248
440,240.268100,1144.046617
441,239.813700,1146.214361
442,240.277100,1144.003765
443,239.843300,1146.072902
444,239.908900,1145.759523
445,240.275200,1144.012811
446,239.754800,1146.495949
447,240.201900,1144.361918
448,239.759600,1146.472996
449,240.255700,1144.105663
450,239.846700,1146.056656
451,239.785000,1146.351552
452,240.156900,1144.576345
453,239.867000,1145.959665
454,240.161400,1144.554899
455,239.783000,1146.361114
456,239.888400,1145.857436
457,239.709200,1146.714047
458,240.180900,1144.461974
459,239.778400,1146.383106
460,240.188600,1144.425285
461,239.763600,1146.453869
462,240.253200,1144.117568
463,239.687000,1146.820257
464,239.931900,1145.649690
465,239.818000,1146.193809
466,239.678900,1146.859014
467,240.221200,1144.269977
468,239.868600,1145.952021
469,240.176300,1144.483893
470,239.861700,1145.984986
471,239.889400,1145.852659
472,239.869900,1145.945810
473,239.699000,1146.762844
474,240.166800,1144.529164
475,239.711600,1146.702567
476,240.217800,1144.286173
477,239.770400,1146.421355
478,240.147600,1144.620671
479,239.704600,1146.736053
480,240.262500,1144.073282
481,239.729900,1146.615032
482,239.850500,1146.038499
483,239.910200,1145.753315
484,239.737600,1146.578204
485,240.240100,1144.179956
486,239.690600,1146.803033
487,240.184700,1144.443867
488,239.790800,1146.323825
489,240.301500,1143.887603
490,239.831300,1146.130246
491,239.717300,1146.675300
492,239.772700,1146.410358
493,239.715400,1146.684389
494,240.152800,1144.595886
495,239.775400,1146.397449
496,240.208800,1144.329046
497,240.764500,1141.687861
498,239.791500,1146.320478
499,240.247000,1144.147094
500,239.721800,1146.653775
501,240.180500,1144.463880
502,239.868400,1145.952976
503,240.295800,1143.914737
504,239.881200,1145.891829
505,239.809400,1146.234914
506,239.831800,1146.127857
507,239.776000,1146.394581
508,240.228500,1144.235205
509,239.887800,1145.860302
510,240.228900,1144.233300
511,239.876900,1145.912370
